<?xml version='1.0' encoding='UTF-8'?>
<com.cloudbees.plugins.credentials.SystemCredentialsProvider plugin="credentials@1.24">
  <domainCredentialsMap class="hudson.util.CopyOnWriteMap$Hash">
    <entry>
      <com.cloudbees.plugins.credentials.domains.Domain>
        <specifications/>
      </com.cloudbees.plugins.credentials.domains.Domain>
      <java.util.concurrent.CopyOnWriteArrayList>
        <com.cloudbees.jenkins.plugins.sshcredentials.impl.BasicSSHUserPrivateKey plugin="ssh-credentials@1.11">
          <scope>GLOBAL</scope>
          <id>4c270c60-26cf-4614-9a88-6b6ee7c0b60a</id>
          <description></description>
          <username>kazuhito-m</username>
          <passphrase>hjVgYki9+0U19w==</passphrase>
          <privateKeySource class="com.cloudbees.jenkins.plugins.sshcredentials.impl.BasicSSHUserPrivateKey$FileOnMasterPrivateKeySource">
            <privateKeyFile>C:\Users\Administrator\.ssh\id_rsa</privateKeyFile>
          </privateKeySource>
        </com.cloudbees.jenkins.plugins.sshcredentials.impl.BasicSSHUserPrivateKey>
      </java.util.concurrent.CopyOnWriteArrayList>
    </entry>
  </domainCredentialsMap>
</com.cloudbees.plugins.credentials.SystemCredentialsProvider>