<?xml version='1.0' encoding='UTF-8'?>
<org.jenkinsci.plugins.MsTestBuilder_-DescriptorImpl plugin="mstestrunner@1.2.0">
  <installations>
    <org.jenkinsci.plugins.MsTestInstallation>
      <name>MsTest-vs-lastest</name>
      <home>C:\Program Files (x86)\Microsoft Visual Studio 14.0\Common7\IDE\MSTest.exe</home>
      <properties/>
      <omitNoIsolation>false</omitNoIsolation>
    </org.jenkinsci.plugins.MsTestInstallation>
  </installations>
</org.jenkinsci.plugins.MsTestBuilder_-DescriptorImpl>