<?xml version='1.0' encoding='UTF-8'?>
<org.jenkinsci.plugins.vstest__runner.VsTestBuilder_-DescriptorImpl plugin="vstestrunner@1.0.4">
  <installations>
    <org.jenkinsci.plugins.vstest__runner.VsTestInstallation>
      <name>VSTest-vs-console.test</name>
      <home>C:\Program Files (x86)\Microsoft Visual Studio 14.0\Common7\IDE\CommonExtensions\Microsoft\TestWindow\vstest.console.exe</home>
      <properties/>
    </org.jenkinsci.plugins.vstest__runner.VsTestInstallation>
  </installations>
</org.jenkinsci.plugins.vstest__runner.VsTestBuilder_-DescriptorImpl>